max_altitude,avg_speed,flight_duration,battery_drain,risk_label
134.90142459033697,21.99677718293001,18.248217250256182,13.075213294774835,0
115.85207096486447,19.623168414563843,23.554813292844823,19.06068868901135,0
139.43065614302077,15.29815184960087,17.075800790000386,20.41293834219405,1
165.69089569224076,11.765316111472131,21.920384703609596,36.967720207729826,1
112.97539875829992,18.491116568067948,6.063853330462145,17.112232163729857,0
112.97589129152459,16.967426927108747,27.132937073729387,18.186649820517697,0
167.37638446522175,19.475966100138663,25.01205475362224,31.673847270421483,1
143.02304187458725,18.175859008409848,16.829113689318092,14.980341087425945,0
105.91576842195144,20.247763576596675,31.59245668432405,31.801260453792537,0
136.27680130757895,12.32382394219716,34.37570137626558,28.459907559801294,0
106.09746921562613,21.586970328171628,8.924401356310259,14.60376665602189,0
106.0281073928923,15.987998023461998,17.372752214337858,25.918170084169112,0
127.25886814698103,25.376304363126327,17.308576502127018,14.944357222840363,1
62.601592660266064,11.55406090955216,15.600968988911353,7.075052834917327,0
68.25246502460902,23.679819015826247,33.294748419317486,20.554624080389623,0
103.13137412277082,15.98955391731324,23.061738612271967,27.03590097350965,0
89.61506638996728,11.742909981927758,22.354851586893894,12.542202055059464,0
129.42741997785822,12.580570829728392,4.961376355932465,1.2626521851992116,0
92.75927773436368,13.3982634590284,31.354180302092264,22.697223632437506,0
77.63088895994125,17.120829732009582,12.607416051465275,16.825500921281364,0
163.96946306764661,17.6141774401775,25.599326302663282,35.19791820679045,1
113.22671098540393,12.131499980307105,27.773769379581918,22.89374897790436,0
122.02584614063771,14.878227038695085,38.60658595838651,29.448744557677017,0
77.2575544135963,25.71135179305932,11.91179600880888,19.451157117042808,1
103.66851826424451,23.637715850503557,-5.195121558208253,-1.579417451156779,0
123.32767769129599,17.18161834837016,26.83849544753695,23.809411616983027,0
85.47019267733091,15.190017390841001,43.005111815108535,31.00169462491265,0
131.27094055037017,15.600156633591306,37.38946352939438,34.06791942615938,0
101.98083930243585,18.06758986365208,27.096594152746256,21.1973475406623,0
111.2491875062017,9.886037174007972,20.083638143679526,21.338942880989137,0
101.9488016331181,13.713117312883274,33.071225966373106,14.288856379433415,0
175.56834553526812,6.657079630612053,15.264538002955314,21.897861493335228,1
119.59508325786199,16.996115613026397,29.76357769356219,29.10884073533963,0
88.26867213132299,18.235979698513706,30.05470159166627,18.942747837692036,0
144.67634736309566,12.58406768850313,35.6020990749888,32.563605381751955,0
83.37469050086933,22.869933816450164,52.596600389110776,36.87013174865581,0
126.26590785014267,8.871171684988294,28.92415967178767,25.37592461661928,0
61.20989628360673,7.678125598950899,19.910363742925014,16.928490354806037,0
80.15441853304708,16.12225909279986,24.744256878080055,15.573907465921675,0
125.90583707607371,20.235491513060772,7.309240951108819,15.212147784681548,0
142.1539973998623,23.419638457289345,18.052868689109417,26.29291493248705,0
125.14104843569912,12.7055786856553,20.907175618868962,23.752557457846564,0
116.53055152835279,20.39340416715648,19.759116020654076,18.59995681534264,0
110.96688913232134,14.807457652496463,26.52354872033722,25.47954529485471,1
75.64434028897718,14.136863500295902,16.775800676177994,19.525383320169805,1
98.40467374815874,19.41829968743336,36.210306673244716,17.69591431855084,0
106.18083687120638,18.2616143920671,25.00207064918197,28.914489336491112,0
151.71366678656747,7.118039215078753,24.906996788613856,25.943591379558313,1
130.30854868705384,22.38270174862948,21.72105283487082,26.018830952341947,0
67.10879533911799,21.900456770737257,26.55190683858979,25.973067571432836,0
129.72251908184384,11.872186492452354,33.25098264667635,22.739374745370228,0
108.4475315875105,16.979017667187044,16.328697842890996,15.461897068058816,0
99.69233999082124,17.470150931413695,18.418835109247432,17.735908074327316,0
138.35028866522603,16.303368829119535,21.962739712233354,20.89763111701714,0
150.92998567487854,12.2484742307729,11.541290765267851,29.53832682930582,1
147.93840357348597,11.641883160309742,16.807421402785025,18.913690589607146,0
94.82347430332084,14.872229645042774,20.237791264553408,16.823509165174457,0
110.72362872446357,20.86364509629682,33.74389180712728,28.966253934024877,1
129.93790294210692,17.71800077297216,27.62561329001925,20.795849308839873,0
149.26635381367078,13.14692833956947,26.935899113675443,26.41618137942348,0
105.6247728646413,18.858493553241722,33.50897962167972,28.904233403554866,1
114.43023070008549,0.7572868968496227,23.626282116006035,21.59186210609901,0
86.80995077981916,20.743828501860516,28.904648499288896,22.666385033126623,0
84.11380127757988,6.3014311061095025,23.967782470675036,17.748610800853655,0
144.37577467182595,13.187795292984339,27.653623493996285,20.692037668276903,0
160.68720085712468,9.40165052686928,19.17241342388418,27.26289285435075,1
117.83969635258998,8.526592621395471,0.61182841723571,20.86454920211306,0
150.10598693676073,20.804133936892597,23.657208378136957,26.931211036661743,1
130.84908075142903,12.661493993440544,39.227481360999406,33.824969341880355,0
100.64640736184627,16.73251940865358,34.26215402241593,30.65933152297689,0
130.8418681652524,14.76539710560408,34.653974845911705,24.064521756747595,0
166.1410969939791,17.385204136115608,37.36130721806218,43.80733659907703,1
118.92521882670145,15.384109455301276,25.886575909614375,25.847453819591344,0
166.9393096744202,8.585038879057151,26.973157074055955,38.33979399991554,1
41.40764687730767,19.9813340972357,18.8234810456565,9.88734023293907,1
144.6570751312567,12.531217084193438,21.8392714397295,34.47565284577955,0
122.61141204714514,7.217090506701245,31.157711497711418,31.715774423744136,0
111.02977948602398,12.859424195170437,37.038844371688164,32.387600563708276,0
122.75282329606507,22.503798953171554,23.605537243190003,25.24817322296725,0
60.372932561973215,19.251108710567465,20.498107351485885,15.043703841568018,1
113.40984336487465,13.256739327960704,25.005279588565973,29.846282423139815,0
130.71337714535238,13.253711478407856,31.012067489291148,29.27917080842105,0
164.33682134224549,13.391824743913087,10.561451838664581,11.87905953562108,1
104.45189345179058,25.383739917804206,2.0381904686276187,5.878352270957857,1
95.74519191320437,16.909677261157768,19.494631505084165,18.39260618289878,0
104.9472886924639,17.150208235955347,12.792875740858413,18.44116165550337,0
147.46206353106223,20.15141727015921,19.91859802352689,24.42256292037019,0
129.86253328979052,16.193945795132567,23.522196811825285,30.842205683860012,0
104.10719388698884,13.704789270896484,20.467515909769865,10.888968023390694,0
135.39802299340067,14.018250754575108,39.524675344707454,34.0200796542196,0
122.91232648044121,14.64199370292968,28.2674476460232,17.33506034411995,0
149.05934971598668,14.813888817450792,28.004743596108284,32.70686824707365,0
98.93840718367943,18.6381477181849,31.22207144043402,25.03258286637494,0
110.17013560206695,15.259729429036497,13.611668822192309,19.92089783142344,0
108.23675540603527,18.663200386077897,35.391117874202685,24.19981967475604,1
76.09455155603644,14.596417099457089,24.242357134645403,26.1279583812151,0
128.88360831193728,15.393175951580453,31.704806172412127,33.94938723769405,0
127.83165816539668,5.008996577339461,14.281427669598445,22.841601166398327,0
120.15340369927382,19.58163837351241,9.462412339839357,16.098960305529857,0
112.96238599874559,16.732442379489964,33.17889658025029,30.784973316475366,0
77.53887773848757,19.99005054929826,28.764095260975168,18.601472564399597,0
107.38064031703922,0.5187231090315532,15.979484456424895,23.00558455501993,0
109.71856450419692,25.441873523903638,16.303369187253054,27.370945515665824,1
95.93168192335143,14.30205185922413,36.254347844147695,33.07339491430492,0
115.16142865001973,20.540914083687582,13.10588107132672,14.421071051628287,0
132.12152570443615,9.800470364372345,41.426729532559634,35.732603923088945,0
176.5855770363159,18.06386952531285,15.993792653521313,19.18974631159901,1
125.23733438495518,9.73292218413172,31.38391925608383,31.07764462241581,0
127.72651172168293,11.881155196520975,21.713815242510154,25.882575857736065,0
117.76662252701499,24.57015676933393,31.031874310823433,17.943517710452397,1
62.43686354102876,14.046587996183266,19.558859978858074,10.214197123970095,0
119.20458373652349,16.087164365898616,23.37207093927706,22.190799359572043,0
121.8069062982308,19.35033865344377,25.409191753957213,23.38098777109756,0
193.89726337455858,17.47840943986302,14.978125442185274,20.83140438145447,1
114.22917105656633,15.752094525717883,32.408243454201255,29.57193247951818,0
129.04642027000838,16.824805012331126,19.867864335284146,24.095942239345472,0
118.9586469088427,27.017077926191376,22.714000846599813,22.28151945429158,1
84.93965887141404,14.711906014832072,15.056506253914877,12.24326151330703,0
154.28468443545063,16.005495233574837,-0.623336587953105,20.36033578165133,1
142.55799098060322,20.25327198003806,23.08972237399831,34.07769585050095,0
143.7309584112914,20.52762966478992,49.12615421612916,36.51836552996104,0
92.71837635615783,20.9351515278019,32.84604287898024,22.6340244893318,0
162.08382932808297,18.19365111014592,24.807396202656054,31.068119361196306,1
77.94446811623158,9.284975436347583,22.371091707917323,17.189845766846886,0
137.60571281400811,23.167157661505478,25.224658928120462,25.675914742144872,0
185.71366877429935,9.26827303490656,30.4711911517521,37.50522821192934,1
90.28391024607936,16.513177326195166,13.191871846911551,6.077546510527248,0
103.01106811191684,11.228620749903211,36.143216946688725,34.9642269087994,0
122.98954095262924,14.679308267035037,32.15381315441244,28.73926329411585,1
104.89573037651402,16.6438120515174,32.18185725707934,24.523035943380172,0
73.48009706801602,16.606786077251364,29.384757388097274,21.594217629742996,0
122.05688924418082,17.109603771176424,25.1961665769399,24.615918987990625,0
88.13088858821686,23.068556345293235,31.728612359668197,16.021388521431156,1
134.20777291905546,17.2676715075699,30.91814133741378,36.354539097878614,0
92.4172729729859,13.779216823546756,21.45959289058976,20.178151903946564,1
166.49803215052617,19.820435841441785,19.26398227103099,28.49680500280499,1
96.50240122991289,20.947352444623203,26.018562952619867,27.417270452171437,0
110.33815451382974,8.861960924315039,40.49020151495188,26.17310392105741,0
144.40551652109008,17.98700034924929,12.608929243460992,23.112375769015646,1
83.07407050698134,18.50586371155449,10.3247473424756,12.131575267441967,0
126.82379803812388,13.512182483200041,26.647608412365166,30.240037886077438,0
159.21428262847286,21.878534066558096,25.50887701856018,18.0397296703699,1
71.77550296316318,14.249722064837366,26.733416643704082,20.048787116962014,0
125.53901575596913,15.62788226735771,27.439531979085004,23.259564286219607,0
127.7964838274527,14.134640878580653,22.767977453651948,26.324951862742022,1
143.4546861533193,15.077895237907338,39.898634386020824,36.64500674518335,0
82.89147867365755,9.518624565523991,8.990960215234843,9.246498500873045,0
80.38630160747171,7.799745587028529,16.715029752197538,12.835275715965722,0
135.65824696850694,22.97252531612486,23.967452398509526,24.996224053318812,0
128.90954019699558,10.765193258408361,8.568111888458326,12.691798827352681,0
127.5147855103763,10.043038252718464,23.24145595567929,28.582125006137908,0
130.39344628490926,4.233049431981426,41.61470165728018,32.000659454893785,0
99.59925835264528,11.805191261552489,25.208864882959617,8.029417180136129,1
126.9676109148301,8.38455103296251,27.307009057186836,24.4761553369674,0
128.79217419896042,23.210075800681846,12.398352348274198,13.885674489813281,0
98.56945745920896,20.04908544671317,18.836385919605227,11.118759628418783,1
175.9732353343427,11.559248274111381,21.24803619676063,22.034208440701722,1
134.21498762735362,26.262179026721544,21.82284903243766,24.879965638119042,1
84.26089508392054,19.90882743495797,37.81643795003769,33.97751262465206,0
139.69660825901488,13.375843082456887,30.576910607251246,30.824038498852012,0
90.75954989318035,2.5029714256321345,13.88542043062968,12.986148263554176,0
143.61253811227357,26.45471286295371,27.46504778432005,30.373298679240897,1
154.75786737022213,8.05213766618202,29.98221748496785,28.17144392841118,1
95.37953044944868,6.773006265215541,36.40149038521267,24.26569639173548,0
148.90128387732966,20.112852160048202,40.805406865683736,29.52101847940991,0
132.38342780809495,27.198762031696365,14.849058081721314,11.903727787911558,1
144.6618047998347,21.92136409255259,16.89142488789662,20.962274391134557,1
176.9037894796184,17.819545600261797,12.424221410853837,24.69275710298942,1
112.63835651991388,17.97377170832643,22.659801408930186,22.110618006382033,0
97.38791506927531,19.26707779390154,29.663583744463345,22.49074873942241,0
93.3145671112343,18.794642948933827,34.87334516589102,22.039398990585035,0
95.52569145103685,16.405957119846878,24.24048976357477,24.714044985315915,0
117.68694871757687,15.521005519759381,21.80152476745156,16.083797655750544,0
130.2345592444993,14.687034360502388,26.517579922487403,30.16238545491101,0
128.30072397990057,11.23017705566662,16.64857098369977,16.143272795206318,0
144.8154974710807,13.59662461566613,45.89538721694773,33.667067168816764,0
120.39005675633722,6.535215929023073,8.923389728819412,9.166774586965044,0
163.6060223147195,14.508301866026251,26.847405788957246,27.27729439152239,1
112.06029500286132,10.057044464245413,45.236062192296394,38.70062288882423,0
201.60507499768858,9.482053413921145,25.06799844559998,35.27264716478863,1
138.7700204329502,15.899470755767393,23.099609649985055,30.318917428427724,0
94.28527330751152,21.960011431722997,21.425545771895727,22.752012946368694,0
87.87322505816664,19.591583030011563,23.196083182375922,14.86701495435278,0
134.47417245729557,7.147496981884115,38.728484746765304,31.157713497474422,0
113.29611644022447,10.051859317148313,2.8813808867049318,8.8693064417876,0
141.42001482276277,19.70385593994108,40.33433701296325,40.962044508953106,0
134.19712873720636,10.087563032308452,10.76042847549855,12.815983879338354,0
117.81513262029382,13.876834250014877,22.33347670765585,27.416740062802866,0
94.59618845794785,17.75026049512276,20.70755579701338,24.278166094845318,0
74.55458325942406,10.158277725681824,30.8855326977072,32.046325683376445,0
106.60455143798937,15.526877530729799,9.018756481162525,13.121400421232714,0
145.69196382970418,8.329872525408977,29.621726660819427,32.94167051128094,0
126.42281232390611,11.99316178024393,45.243096232868524,46.672088531519094,0
82.62783663864036,16.598909670712686,11.368259954071895,10.8587052562315,0
125.19542777553546,7.035031332341654,26.897061676103956,18.292872377943727,0
131.5595213918651,17.202373689801995,18.38017822203391,12.945991080664646,0
93.48427691396601,14.901811005366595,29.258872061930358,27.54142386666844,0
124.61175317836583,17.762449772085738,25.19147777415752,15.641163164622425,0
121.74626155338,16.119570670323306,18.585130909556902,19.60559634542684,0
85.71089106508131,21.82070214986922,29.87872284871074,25.697016466058308,1
130.73362081044849,15.626122513239537,43.04348109786743,35.52098031412813,0
136.82353579104702,12.852972294373735,23.090962082727014,27.35505894138907,0
152.4915372952583,15.61148751516142,32.19757942148182,32.45939271927101,1
151.6140615610471,17.71649014518194,12.067270421288363,27.589370433315857,1
78.66991896128727,15.244300351628521,15.435636231819913,10.823228108344699,1
91.86524880254632,15.202958456019411,29.724062778803773,20.66358057736386,0
135.4510580162598,11.490041560966223,39.84116028535965,29.602388717951683,0
135.41357852736627,11.68549541224526,28.5561334878566,31.97038365597798,0
135.45143058918143,7.986973641001533,21.869419694768457,28.98184584827769,0
235.58194471964163,23.747883715934698,24.99291405423354,38.31077809567348,1
137.126715320795,8.780683823043574,12.495922660302824,25.878101196680554,0
154.06696920541796,11.535474011020463,31.04515326355367,25.03906921543673,1
148.62005290479607,11.407963672154013,33.82333062323409,40.109791159852335,0
139.54173753917394,19.474621884722207,20.479096671669197,31.809915198313284,0
110.54192266078964,13.525251608539861,20.299578522404985,24.88209151351019,1
142.76907661479802,21.238710363368668,27.658782296520485,37.01529335359535,0
96.81524356387285,11.632546878780659,20.632802639594047,11.71480963779544,0
112.89544179779973,16.39497081111901,24.338673853741774,20.8366404253376,0
105.4390935651269,10.823264733701214,45.99721789166516,29.86600099893551,0
122.45622418158968,25.72574563886694,22.529742992540033,27.1178905332157,1
189.43975700020525,9.062007904852436,21.41659847978778,24.40157124190369,1
63.98204422224756,16.549103551135136,18.524581943648407,19.447971140736385,0
140.5878057112354,18.168884404660492,32.441919714999365,37.132421148606795,0
71.61852386431045,17.068995487257492,23.18775826781897,22.231746020760525,0
105.842044026317,14.073561705611459,18.50626961678574,21.256094329332075,0
152.66851790902098,14.350896501332869,38.21304032273012,29.434005247763416,1
121.92840057286388,15.219057359895547,39.19603004513637,27.55660024922775,0
87.66765666212082,14.264989991857558,18.99576434261295,24.51274236400189,0
98.54088872220095,19.819395583974547,6.334600486393839,16.918134134943678,0
140.38793246804028,26.052615007956756,35.07513689836922,31.381264099100918,1
98.0890010484859,12.212541074960832,18.15370174239996,16.79620324721912,0
126.49375768745925,8.150985102104611,32.90625599162769,18.973464399002886,1
121.36715519711441,14.558589758243725,5.298961822881644,9.43193433773007,0
100.4519895718255,27.898546688271594,33.92597338299309,36.565281084377716,1
184.31832267975977,10.981627160151346,12.888280707192187,18.47369476655974,1
139.01757066954033,23.195584027220338,32.307641190665244,31.00297676839206,0
59.24572240027179,23.388504070382204,25.14273067836434,23.533157445185342,0
125.59362944308283,12.232058791460027,15.460605806033552,14.015052507313598,0
100.14640605694836,17.844915395926378,20.929636870732196,21.40301141496635,0
145.5730000438867,23.141983115642688,31.863184569567007,35.17846997672545,0
96.22437784701899,13.104361295062564,26.058944531152342,22.714406659814323,0
116.55790675599303,13.982098199488192,30.844129804724844,41.41987085629557,0
135.1496183694137,12.091595430256781,44.764405845154855,27.554168465127823,0
145.97265582510363,9.926216346535666,9.357583882889486,24.5697001733745,0
83.99110778832672,11.753612274669965,41.17212574968624,28.12116496669347,0
109.96496292477156,8.880298666188718,26.043559375232128,27.877876754276592,0
105.75164066517132,15.17041734129613,16.01215951676872,20.78777958339772,0
100.40012302278865,11.15013384470679,11.696863742610102,12.222663188033934,1
172.9636272084329,16.16892955895374,23.108796092229664,29.99574272925482,1
132.14945132882866,7.220521768981864,34.2165011192446,21.03368843551373,0
82.17348136994865,16.654401161072286,23.724508796224658,23.095840037964162,1
147.5358584116433,19.167644808044624,40.11154930247348,36.300152822353695,0
183.664685910379,5.031321787142723,10.48824309948441,26.80389098399562,1
150.9739578165344,16.87028284923786,24.879110521539456,32.82754266785892,1
74.4189010213796,21.13834496236646,12.476065555868809,15.518022081120918,0
105.47297781401247,8.951794906543974,28.636318826249678,25.60590429351747,0
158.00733447559867,23.362861934188516,33.868873900973,28.329828714739907,1
98.76991603143658,17.095095046830227,20.792382063189468,16.712078816493136,0
133.31458284438685,11.474940721207956,-1.0421385662713405,18.74406210218967,0
143.23902160288011,14.72115461171147,26.989481467964946,35.00031992280038,1
92.19208585265751,17.79163456260861,29.367385517335094,22.71234916237303,0
118.214239318146,15.380026957062057,29.042947549616976,26.572911442889456,0
22.761979797927822,17.693779962231847,37.35782191822154,16.43203706393472,0
89.2683707599713,10.396632034603169,14.289463203509511,21.93535290408911,0
112.4229554582052,15.84680412018039,31.802161054504495,30.470460191531657,0
82.56650454105451,7.931427515475099,36.92507512477975,36.42527519881408,0
168.97233911794905,14.443869693256499,7.214124159934833,16.11268060586363,1
77.09575866118102,10.480461792676051,28.196518259189773,19.917795500621903,0
106.79866539909048,11.322350287051167,19.958201689923285,21.816196997498555,0
123.92221731858274,21.18046587605219,24.18477326898354,27.717056054978897,0
163.23819867198347,20.456550602971344,28.476764835383364,29.48386409715187,1
76.92413546461682,18.045690604535885,20.127714358864477,13.39146527362542,0
154.8949125646488,9.538436176637106,18.24291920838388,29.017988505274676,1
120.3069918305876,13.417957751525991,25.341524174880245,28.307138083226793,0
90.55474046856148,21.065488499895917,14.127540611371973,11.53787384972351,0
133.86310422789813,15.708584568199523,14.141748711148146,27.234398783891365,0
125.9717908672041,26.596647699908473,31.793732829565034,34.34503904748595,1
101.99349368523616,16.96658919697186,13.51205964841344,17.626861678969302,0
122.09406254970057,15.960245582450158,31.66312500909212,28.4389580713963,0
108.44059209414719,13.454417678987493,29.625912928539513,28.427304529264013,0
123.40552035753744,15.66770452391141,7.741932712094034,11.903003040519472,0
139.8639202356314,14.237650818097281,18.22435347664345,23.248726157705278,0
167.58050448436057,18.54054338344295,36.94109403047372,24.46667974062702,1
82.86553503519453,19.78351158397292,15.188344688603184,20.263004075335722,0
183.991001239688,11.070052697460252,20.355957376906122,20.769612700212566,1
61.437366014324944,8.34383523221111,29.620608932518966,28.47114020983697,0
115.4464471489325,5.818973134483517,32.83390509282596,26.31099679147398,0
137.64951619453728,17.539956634562717,22.484611139555042,23.948922279575363,0
128.429756032051,9.483166969130632,19.024898053083582,19.216755099324363,0
101.31901440538219,4.235547035237586,39.223698616985075,28.303556379420378,0
113.75633248928175,16.942893022654822,42.388996637975794,39.662788293656256,0
105.20997196023501,27.464997587163953,34.788580507817954,15.47624416725708,1
102.31905729167366,14.969645442300534,25.85318142565024,29.543323372433427,1
145.48806291063073,19.19245387225821,16.917342783590737,24.69759508836698,1
130.71046457895142,15.409146792737825,16.695555934434346,15.383716185826238,0
99.21271214218038,14.505551734044287,30.225141052657577,19.657279775300637,0
146.9879962629975,19.595382414938843,29.18398220888684,37.672755866784186,0
129.2189856262983,13.548627279056744,39.01598592946429,27.70235712764832,1
144.3858635651688,16.336961570359513,31.50450092536139,24.424084266217776,0
138.88886525770837,16.608489030980067,9.96919698240182,24.560057728795393,0
95.13014967233784,11.659547731784755,35.51947617722919,28.965517437277953,0
103.19456879409091,19.960211747682614,15.01939372685587,13.139525860155032,0
142.41880815369785,14.125201216522957,21.160287280476485,25.905149332631126,0
138.31110796300393,11.221274202535776,27.502002062516944,22.453348409357478,1
119.37295218107556,17.682549217852017,44.95667489783965,39.919739659140404,0
123.51982149926346,10.507660091044814,56.09918556005361,45.708429754318814,0
158.32994687365274,15.140905786845641,31.067230591361827,34.02664097715591,1
102.2528583349251,14.954405016778983,23.16803381279612,23.617608046125653,0
136.41292143510114,20.42947782915789,30.345056484805504,37.61976101024973,0
113.93422042698317,17.373491164399763,33.87655425873836,28.330130809008626,0
113.46956390318338,14.874865206274281,21.793323744428083,16.334247635428376,0
152.96330555961572,19.088831496001436,42.95211355912322,39.019756899684715,1
144.7624904696409,21.951037745086566,27.30070759191402,38.556838090606675,0
144.40528908001914,17.789051531759313,29.977430890913944,24.355446887529627,0
159.16436421462987,15.051763099216902,31.659242520544613,29.938743848265368,1
120.63011524898278,8.440818838249202,29.215866106144556,28.75317476847782,0
140.4585891388489,9.674431684623137,33.38940500469612,30.47103717120426,0
110.69199730219631,13.473876478226662,18.82746813453077,15.571415895598443,1
129.72499057465328,11.952438989203584,19.416982460539693,28.290279568887527,1
116.09570836896947,14.06514348507277,13.99845767028305,30.20900328212477,0
122.90987894978154,15.283249624485535,29.395012306202265,27.969151343198824,0
137.85471076310742,17.648463771783653,32.78936503512114,25.65981214519131,1
95.45337950299583,14.647506109704544,29.577728661518858,16.589399655791638,0
182.7716182705638,17.43250821913101,41.744924333475375,40.439503899899975,1
89.81947855500894,15.322372074050602,24.944039811709533,26.97335447793695,0
83.57434161636803,5.1226671682306435,31.687416555925125,26.576981172076273,1
154.74332620500203,10.303323030906228,14.082991238606857,22.503809035209365,1
143.74988081888807,14.279562221391922,21.12900297525599,21.993131310570273,0
138.72359451156467,8.951526285794461,31.955377575657774,24.389230075394906,0
138.8503652779284,17.999643649981024,33.491021107431436,34.80430371313297,1
119.63259681459256,22.65375416171849,22.06033052335818,27.562283050066274,0
93.08236885542505,21.093809258486584,24.28400748141933,13.721591692798503,0
122.27413674581179,13.932785645348961,9.821262533191906,25.08723983208055,0
99.68514865463665,22.45363068424976,21.429707991933906,23.553724965900628,0
149.25359200253254,15.743337286010558,33.90383163519786,38.875248243581154,0
115.58827855493584,13.314570144409803,30.75205016106566,20.224214193600837,0
95.23508409622465,11.9329866822953,30.006657213812097,17.69771623945132,1
110.3584247504102,13.487651567559357,25.4977368718096,23.039864362109334,0
132.38794362826872,13.059115907293856,25.070631586281763,28.288032290443724,0
103.08826341588076,15.852081111877439,18.396788605265527,28.48902475885566,0
95.33338813300705,15.802869905249324,31.988284202025348,29.057875483389036,0
127.31061634475736,15.015230100767072,29.2097294438939,26.122519972362518,0
127.34899713326169,17.184690848731748,29.920188479927994,22.56314791496071,1
104.7917047388661,20.953231373931708,19.739651573324196,26.49899912414446,0
105.86885083145032,19.747770677206617,3.4665708012875562,7.4966433550352365,0
126.96149812072909,7.575510157750482,35.97152711753696,38.824256144703,0
76.55746975508028,2.2303943254902254,20.21162543991596,16.33963644743346,0
77.77608676870335,19.67159955619637,16.372242359568794,23.916640219743986,0
98.44667336242692,8.165606507922895,31.934789119139936,29.206718346109053,0
113.59658544864459,13.876172990536583,21.079873600808703,21.214617898056517,0
129.32722696794013,9.149434869703203,35.59936384046622,28.135422757896492,1
164.26068650848657,5.990097812099901,31.170059495766974,30.30655901200175,1
145.72978869606058,17.70731364102394,31.835693232004775,32.632408947484635,0
115.20184410109718,18.795775801513233,11.340442887994657,17.57618833519563,0
119.42951376291934,12.117447996366403,37.11943985386401,27.533614262880413,0
89.92411906086573,2.0447885392754515,27.61250531233856,21.970507510667694,0
119.4446059202283,12.268777758737587,21.30722860753797,22.990960044387563,0
111.34024083239585,16.959020027012734,26.43388467342251,13.707295947876782,0
129.6815568101427,7.605442156129357,7.237647671016802,18.877820090466166,0
95.1830716934303,15.916799598895778,29.086528114806708,19.16296510316235,0
135.58039542723517,14.923450754135022,14.706284918179284,15.144519985784434,0
165.98216739007734,17.896457498005443,11.473297141564656,13.898143574236514,1
116.73719554629427,15.597901842070765,9.77640813782109,7.592461134200523,0
132.05135166296824,10.134655295592221,36.12688374989925,24.491339525685007,0
140.70431975133337,20.982857508322457,18.707366063072115,19.879010218516946,0
107.96338584342492,14.20735213486515,40.33727709916499,40.73127282155783,0
126.7227744543125,14.86347730245034,19.64198536947702,19.86387175069374,0
120.37777202345384,10.33366020463402,7.926420424070532,16.889737945720807,0
122.93028295646495,12.783588744042449,13.83475560051341,21.212813028434844,0
96.809706484336,10.575986429865495,37.35811620006939,29.01535467954754,0
120.73530522776828,14.135269700382885,23.441018220633325,23.406822329463523,0
134.9399487373635,23.558542400711715,19.517127035093992,17.276089573287123,0
163.53430823385125,8.140494285343218,26.600182258527877,36.908159694045125,1
148.7781247825562,6.932193010616295,30.01782736167545,38.92270937728277,0
184.5954737253467,22.355851637468042,36.17398815902461,28.133247981433545,1
96.97957311335851,13.95338161424067,39.484992298929264,24.320310506368585,0
146.16961910162036,11.654636306700418,21.40231354210914,23.919066969331574,1
125.50026017215055,20.19952343698038,11.739523139179617,13.597098612253907,0
185.6940879965302,11.97192230131568,20.865348388767238,31.531910761315963,1
95.75105143934546,24.130048567734683,27.60280506582886,19.73514666481591,0
94.80834473457672,18.389629356696346,15.36241073789389,27.98732018143763,0
102.01822063667933,12.560442959271487,15.42849085104957,23.868810460910698,0
56.283128270705795,25.786541066327516,28.437878815498856,20.910122387981083,1
104.22734934957717,11.971425384983307,24.513476484295488,27.81440449370412,0
97.22602015338906,18.710476860046533,25.327969954115865,27.916089114183386,0
124.51181359428622,16.49646290203246,17.415046652999305,18.338967245637058,0
130.25267927331478,21.50870644699399,22.695992857942326,20.292178133592817,0
176.28512517647658,22.807555983634263,15.757668557316956,25.898062111154374,1
148.5127151455815,15.160020745328833,33.90198411124787,36.11044419267181,0
102.69289033012791,11.232910648269083,35.35249334723753,28.64083769989864,0
93.04755985954927,17.299860714695583,6.538121377619063,4.688834263809472,0
134.75757514519518,11.61142315123947,15.7048913980759,17.314080993803255,0
80.39300378938074,25.066936237633115,10.034707449099209,12.686789785515789,1
174.94376297563062,15.682676655413687,18.49976065593102,26.36592860389942,1
155.38320362163861,13.173392243439457,24.165620302096393,37.4838413971611,1
105.92473043685885,15.923401529324542,10.5035478030147,8.914307233198244,0
68.60596412727367,8.264368552351517,15.781401868746869,17.279243556280175,1
160.6161712249624,10.141929807446743,14.960426279185015,30.987395803730195,1
116.56380464242146,21.00206953972213,27.07267329398944,36.54996583835084,1
157.13448935920385,11.715528605143021,25.693443370362505,26.538183505181834,1
72.16717023616899,9.7654450865903,17.782624466627468,18.56517652053163,0
102.01874931138681,17.68326376263643,26.76820872139398,26.43478107782891,0
120.1573109915455,20.928520773314986,19.533199154127345,22.759739333984676,0
121.40941781294227,18.594766553325336,22.28344889673947,22.788440223467433,1
106.49803585562269,19.980238429029082,41.734520902985366,33.696940984555184,0
138.68549797042496,11.216024557152696,38.40461051790348,20.40962462989581,0
87.97138711852216,7.890946666290781,12.004187630724024,18.209579977527383,0
115.7286154493612,22.506668259777435,33.29732417879175,28.85241315264183,0
123.60886895135697,13.386600805789321,33.11396554491592,27.805495183702334,0
135.43316502176248,13.745834917724764,13.517367112473817,30.536311037010947,0
141.3484463426667,21.640970709245288,33.18777643754861,27.35406275908821,0
86.26073724486392,17.7811500470033,40.37931918412553,26.800353371224002,0
73.97657487793134,17.27943886040804,13.774551937555861,24.24269996759474,0
158.33030465695526,25.82501172450542,15.824971789857363,19.585209836374926,1
129.96942035938775,11.782408848099285,35.17661466843502,27.834672955473593,0
97.5454039033034,19.639200640406187,27.71495310825648,22.876889827304332,0
166.53455926567568,15.285065624485423,30.51476275239523,36.11450971341293,1
123.47023902878576,16.342961394316283,28.405892164004968,27.588982521647626,0
155.3789155219148,22.64234213206266,28.906959209281442,23.528244421070887,1
122.02555444230327,17.53917878144812,11.73527871688917,15.409351987038963,0
181.82243774645963,17.691480395248163,35.47317706621448,32.88206014169215,1
172.66022527329613,20.36253668654901,36.69589992427774,35.22786726335326,1
112.5310755456278,13.175236352285573,22.70609255931972,24.73537212737179,0
149.14712852863067,10.803951663304968,24.565230501861375,29.288356883233618,0
139.36127848755442,9.775954029894832,9.688924974442779,9.90053156573482,1
161.05894672597046,5.1682170531199905,30.14254756017835,36.4968733904905,1
91.05229618259686,25.28103564970161,30.720574417141442,25.728361056813526,1
140.58154379995318,9.483958171391585,24.37808983000689,33.16985953296829,0
151.75273460548763,13.89373188207114,36.24353359870503,35.518031896354636,1
67.23781540730657,13.615933500555396,21.659227690200595,23.060010174509763,0
84.50224462002674,16.537033489045506,30.646059258936003,26.105980648721314,0
58.823034667196985,19.078686062696484,14.803356613078844,20.015110554272862,1
111.91779496666327,19.302367441798726,24.76447849125762,26.185271922384032,0
141.52626767387886,12.084612807155308,23.256457420971643,25.291279245659187,0
165.07071156288083,14.164391431067942,27.253079220409415,41.4957843687272,1
122.22284341259325,16.412899752441497,21.304730711666416,27.319835308491992,0
168.85846636713876,13.756544369082265,23.68527404328332,31.597205763377602,1
78.59695625355326,23.036727880099964,33.26047171441506,18.108409399871178,0
68.89852681934536,17.454874758191256,20.632357627617825,10.76449340842576,0
118.33356903310144,18.674388930249087,8.934228992613207,17.764048810326017,0
131.52196346817922,18.314406343337062,42.49583904205421,35.127721856686236,0
119.01915755717721,20.867369287426627,38.814540786904864,28.238573324128573,0
57.9767369988037,15.905107793518535,12.077373048943814,12.541273722412576,0
117.32639881461635,8.515840260220767,31.897078052451945,35.62431354790559,0
80.86591498485441,16.998439758763208,19.97025229448657,21.54873001848022,0
140.09017646490116,11.743215531040855,27.634872153310596,22.121411174381723,0
130.99794738290544,12.356916591251217,27.942241290134938,26.513371247643295,0
91.80360641017934,17.931820093775467,22.65592199683678,16.483489235173522,0
104.5839924798992,21.19141535716818,17.162343344136033,17.10107133801513,0
88.22359434333146,15.106357883680309,18.094589476837406,15.801575844603635,0
118.11962708180485,16.544165062994818,15.838080845187575,17.342775217754248,1
148.65426961503715,23.51107472317619,16.681777917695552,16.930639060484516,0
90.42821860993368,16.203765897442842,24.328217099506446,20.568657003155643,0
135.12139546553533,28.008415570901974,17.842400108892484,19.630301416763224,1
104.09227144882678,17.82754822815772,31.8205206571262,11.672244023434438,0
96.21381503212967,6.196186204220911,39.87246155335927,39.82247240240092,0
116.78908920136327,18.766708105522664,19.19946758629957,26.722490984369472,0
88.94273032741879,16.90579192441389,27.39404500535377,20.709791910793783,0
103.39052083958454,21.448763770413727,29.99685110302934,25.431572884176116,0
84.06366322233455,18.36590675634979,29.720022709192744,17.40810594024202,0
178.94175398749167,14.30772008008113,25.759552679160873,39.25256612738393,1
121.05790655915186,8.878508818553172,32.426824183597226,37.80564622157936,0
99.00823476022244,13.954883713569874,29.82248952680657,25.595536880658152,0
126.41939732202665,10.7473977289535,12.623375776727022,24.0712808414929,0
116.6301585092751,12.097382750976386,33.69156064389273,29.385230067543496,0
113.37091201400331,17.94289202210305,33.872908372667425,21.589918193354393,0
138.42500100130275,23.34952252175703,17.367138958214184,20.46695273441908,0
142.72523130141914,16.973357649114906,25.37937835447602,27.62185214123971,1
104.08496557168418,9.020584689824078,31.833289928110695,24.052402927506545,1
102.7254527806596,17.223013341100703,22.906861804206386,20.63270979299397,0
111.74844908545069,20.983157433228257,35.729780477660114,28.582737359829554,0
50.94236505793245,11.951085478403089,48.638724946193605,29.00920648956274,0
74.54426813404343,14.329914166635412,17.140139673650175,16.285789102716848,0
161.00622802333572,15.073440973645985,11.189553968462251,16.39237445458169,1
169.34903140503852,11.0755084345888,28.038185956048757,27.36891537288855,1
112.52891881330865,18.241402169219295,32.21562505126143,20.937783078461734,0
137.296708891673,14.395259256961092,22.69133626155231,29.96441676837446,0
129.33750463630608,17.097662219535138,39.53260663321034,22.171819071034157,0
212.36642425365713,10.5625391109895,11.613942002767512,32.8115651433341,1
153.5872473430373,12.812708498382948,31.929186230316112,38.255064835776004,1
116.162472255577,18.611906789138857,18.941391792411068,19.57604018685013,0
91.33378678198723,13.135834239541165,42.19377906207296,17.21458277009871,0
71.80661039227283,23.634819256167027,44.92515353168118,27.836684995231423,0
126.10390907601669,13.001819071926988,17.333434122166523,20.956187162240834,0
97.30947764147089,16.12342362875943,19.5044286409142,14.430170984959622,0
77.33238871206977,19.662954159365448,33.59587886979802,21.955086337064774,0
100.60281347272421,7.908171335334842,21.128693502104852,28.275604092641604,0
87.55355989156814,6.19595594009612,24.545887820677617,24.352935711004328,0
170.61424905217694,7.371718427149526,25.2538842054241,25.065546436039245,1
146.4491927084835,21.31292051713591,5.803268438023437,9.55855764188291,0
119.76082076050147,12.240709270537767,24.861622539057628,22.771806757530108,0
164.39832416670077,27.79099642834126,18.10272225935826,24.423909649597018,1
122.32104922942855,12.178762006713058,20.06877177600228,24.747486747760576,0
94.1614739601521,15.922756515985185,39.43632003468814,26.457723850520985,0
165.69372231808973,22.710549762839378,12.434931057207436,25.344335637222,1
136.16730131053976,25.030464440795615,33.132051867479774,39.85852626509501,1
88.88261537020631,25.307517883181987,22.210370696681913,24.070951997582902,1
114.28983965749175,21.041831152965713,22.202398315041656,22.28974058661614,0
93.7314523984573,20.120312629057313,32.90371896051711,24.909252364837812,0
78.51600807106992,17.962634746005914,28.400512945688906,20.26849160905209,0
147.78532642594925,18.89180538083319,30.70612997219531,36.0348021909533,0
177.28249921410392,12.244071418357333,34.68184660532861,31.93260599431818,1
78.04297278542576,10.909005582888465,21.68691616816677,18.873868907625877,0
136.88907710071712,14.98312771294524,18.877632654922497,23.383713546938388,0
100.4807229263452,14.149076887375358,14.14849473442202,14.61339869578787,1
105.38623848705912,12.733859753363625,16.74589470021045,12.049243459390633,0
102.22818227283392,18.481937237283578,54.49094425308725,39.083162871915356,0
94.08027690960552,19.776526042852552,37.44679580736786,27.826405735367565,0
121.45564883834481,15.442034431459236,11.489256337919787,20.391395399977224,1
95.07149650766887,22.38765040527631,11.7754204325643,12.726858334853203,0
128.11370477339517,9.291554429332475,29.818660617184914,33.824807279997216,0
118.49285671652589,14.03170270360141,30.47264797377967,22.7017407524832,0
112.8315585940077,11.415888396985975,30.488838353173644,35.08777645607706,0
92.77309013875207,5.6673169146347,22.450442064463022,11.76434749696541,0
102.69686008295002,14.586596570786504,23.745457399971,24.316265031064958,0
142.6617367747727,14.391262458083583,28.278795241593574,30.782724710907175,0
135.0275156287314,22.567248716210656,25.858930062933304,22.45443125463538,0
90.67334265604347,18.154058422773886,2.80699627252465,12.592802091171736,0
122.97996916287677,9.879065878353975,22.702003694248063,30.0465921122125,0
142.54161370115366,24.27046283167094,16.485935657396865,11.413035002043477,0
69.91784156635885,21.105168477626766,26.75211418908512,22.88156528863252,0
136.30080577139805,17.91048851734308,54.8525900260341,28.590021488506466,0
100.12128723162459,13.86757950575084,28.674816654743044,19.52121303291794,0
137.1179600577948,10.202803816382602,21.86470313827602,32.789979399422215,0
97.1022253037245,13.138966119644735,34.21801501977252,23.91031987329844,0
65.85353698006443,20.44374309852093,29.826878872092127,15.629393312007643,0
71.17372686350512,24.422931529673043,29.200944904518412,20.72815649368631,0
121.44254839984146,22.716217641360945,31.06850593215671,38.01803949688026,0
127.79167505164446,12.555752891068629,45.56543564829541,26.40347409328202,0
92.87050124686775,9.401912833554944,13.691115646740844,10.876058389860475,0
139.15777376332122,15.70443123455602,29.736320768114545,36.27109617628753,1
70.1543981319312,6.1578031721857425,15.736188700184616,24.17204588097409,0
118.0176060405805,16.615838570923906,30.555126463422482,26.562167714317873,0
83.66951400712631,14.261987068506656,15.813134885139057,10.078255330648947,0
100.44491676593523,12.669817490658788,20.826331863949157,30.936875117613898,0
121.42196013949243,7.0264846636660225,22.049100857620935,31.138958401505697,0
94.18759904148143,17.568000532848583,34.75816719344709,30.192578439682855,0
108.46333367310524,12.336495801690443,34.18454443942414,23.87659384233549,0
150.1887842764332,9.15041582144856,12.542826235536156,21.045144841221216,1
102.69324391430554,0.6386889335917534,25.549341109998487,22.242194541205645,0
145.07076336195425,14.862425474746818,17.904201452508275,25.113433585527453,0
86.10879436027146,23.86125798334872,12.414950893246655,22.073362073307152,0
135.8941253374585,23.30629607273935,22.829829495756297,29.401412487311013,0
163.247058619737,12.714518717068641,21.915172115441802,21.895411534770812,1
45.85066499618132,11.988939698191096,49.26716486345522,36.10113118144343,0
96.09314233588569,17.34387128037512,29.32959825360696,25.839774060457827,0
137.3121638154162,10.008072804058543,11.223824992457628,22.778457857065014,0
113.90863841871023,16.50895949909733,19.352259958290578,28.39969811740933,0
131.13437620113928,18.830401391923452,35.213832954293984,25.162452849693164,0
101.88044439852538,21.13466611942154,45.88442772869925,32.95113041066985,0
122.597693624187,14.499229617600236,9.140166877620416,14.172580044432834,0
115.32968293823761,13.981631249115171,6.20075614860955,6.794049241301257,0
155.0334618497942,10.610087066217194,43.70965175371782,39.09172194986293,1
127.63262529903639,10.8655982298007,28.89614177370904,39.76911617468028,0
130.12807986225607,13.867605540492367,16.317072681236336,11.970955604315012,0
107.64369101632597,16.83682753408089,30.346290861224354,25.77611147699742,0
105.3718132778252,19.567923131166246,-1.3574773901687784,13.061157308071998,0
107.02325436541138,10.984105246598276,25.03375506597161,23.83459397780785,0
131.8335642713489,22.46344284479761,28.278211728430854,26.756822028771616,0
107.3704655753921,13.644381994787157,34.2427013953783,21.362315437999236,0
128.69324570689238,14.89316352825782,14.861040477074623,21.463778523927367,0
182.26202395936315,11.263941604260882,25.85687161403359,27.37081831787348,1
146.13374110295078,2.8787986986352916,15.745753739404126,11.536642455104374,0
110.21929403496476,19.42022698180525,27.553837556743172,30.77180928443672,0
156.03641766491836,18.684219485462165,16.04653677636976,28.41883925388693,1
107.75773880935346,13.593362214408932,20.918991608397793,21.493574569389644,0
58.856263944664384,15.33495358612436,15.041846052097709,14.551922861543806,0
89.75741067247787,17.579696088520496,31.511362418236573,30.10301233994388,0
63.87624236922433,7.187270715567287,33.58451116656666,24.301578104096176,0
109.45459547876074,12.354736613268527,22.65379430042586,26.79244447189558,0
120.55255137568655,18.971323398109135,25.382379949600285,23.259034107999547,0
170.2931193682585,8.728552884153753,10.51408585366456,28.846273556527862,1
129.8078212129249,16.467789660833148,22.00323351993213,25.586327510921976,0
113.42698413573407,8.217090976882975,24.497953829582553,24.561935046394055,0
144.88216743550467,17.332149912167633,51.20793091029975,33.74187675514018,0
53.66594072976345,14.821792588512583,13.880329742258365,13.74153821561407,0
127.06843674325698,6.924340920472453,39.64177238752438,28.367955280615632,0
143.125955816609,20.823696772285857,34.96858773465808,28.60547581634747,1
75.64241262660475,11.327042116009753,27.806364044901365,17.390545143530552,0
154.31262129620788,10.948737814928094,42.586204841951336,31.393189891100334,1
130.15489222483242,16.002845986154714,28.72105472606863,37.99987360060237,0
107.54136258297596,20.743186747143575,28.89159195667929,31.85662754657926,0
138.98345598318855,9.920890905108015,24.468793469824547,35.73457984395243,0
188.12078573413186,15.308399249239859,37.235688824186276,31.315447887728503,1
125.45598765175485,17.144082501652864,35.96469233810883,30.884213683784367,0
127.44661758901009,18.46552803631572,18.743227125037876,15.64873719539947,0
106.21917301379267,15.882207776386126,11.807528054012327,13.047206942400111,0
94.50466891605625,13.164860804583387,22.97019362604343,16.344928787544465,0
144.91007449632735,10.862048896756402,16.999614356023535,29.18873465985231,1
94.31748522273398,15.430719415231874,24.36475425384645,19.632977258687824,0
122.14698711658177,9.639304940071966,37.37438134684139,36.24378605354895,0
105.6702765970465,0.3932475825269641,20.426983449132102,23.801123832213293,1
134.36939477239176,17.182799020788337,24.57176618688425,37.241016331205245,0
130.00986315860845,19.519674205430977,25.58022734808395,18.3938788742042,0
151.12619832773697,3.1853378222908084,33.484308822052846,38.15094044273411,1
104.69950803435759,9.951346476450311,2.5311066601539487,17.467708485516372,0
111.90375194119886,18.095771305025988,18.932997052347034,15.78997953015823,0
90.63708852653077,25.287477348558493,27.112836922794727,27.655793996416243,1
106.67120219771665,15.103968538377039,37.000789564268615,30.84823981703712,1
131.31901479134558,11.359985293854328,20.080975524937948,22.035007941836493,1
142.70965849936056,14.085517794475798,6.234472939581259,13.268524884866688,0
92.33504027467123,21.874382095740923,31.197114459661364,21.236514000051876,0
146.0881776031698,11.770179104377323,18.646376111743706,34.18106629511846,0
160.66913576414854,11.004039966748731,13.103333409096386,22.62199437575046,1
132.40304709671102,12.586282389089838,18.75654610286776,26.529227768762276,0
176.303874376742,10.233356958706437,23.154746423441505,25.253263741057186,1
96.78632402689281,15.613351579973978,18.952553354617873,15.255644348890023,0
82.66035890065749,23.123392292347802,2.9443394290093075,15.148129650820113,0
66.63839253287165,16.615396365580146,33.970661968871326,16.90128917996517,1
164.8813293446755,13.738232489368562,37.748750412787224,33.28643930133481,1
139.63096969062173,13.540943655422279,31.515219913395057,29.89084398112086,1
118.33245987268634,7.184045956516715,13.623143295751834,19.201680644344812,0
128.39905878959462,19.415548885735795,22.98508466052482,23.43698178414109,0
86.2353285810487,14.61081401493599,24.934786847705418,23.070025187437196,0
193.37255938850478,14.097600432046871,30.987943895619104,38.29550666574909,1
123.87663545925682,30.965537839224304,31.683404887180806,31.902553716812736,1
123.28184383814678,16.49376454182843,17.65826201221504,16.228296346583065,0
141.77299871696076,11.241044749524079,25.819955564135604,25.66650216411989,0
134.4302769521014,12.868212018972283,29.572804046152413,34.20324402767103,0
126.71652072837394,20.742228545983775,39.558223221467664,36.923999621440586,0
96.28576633664065,15.566352052688822,32.04506539824723,18.786812075382365,0
134.14405071407987,7.808610108413166,32.89056687375519,31.61708801004659,0
176.460734894251,19.59614467287602,25.83826627929361,20.674080382197857,1
160.36260138464934,11.65927957230503,39.10459145203504,35.8232303747843,1
167.7955987991819,24.366488881087726,29.097627959594973,40.817208943445564,1
104.66352970706444,20.400240328573243,16.389120898264295,13.92144983349366,1
90.31185539224258,12.763390521706244,39.033699701251905,24.3764201623923,0
116.22639239701056,21.405081808675565,31.979032725390276,31.432304510260494,0
121.67174736866083,15.339277552637016,20.569559788715175,14.737947055175441,0
152.82574555412845,19.263868375611096,20.205070326007565,22.22133456899143,1
69.22606110855543,17.423664086472375,27.965755451407617,23.887689524468115,0
165.8865095838184,10.768216725045633,29.631847952675848,28.23314569627275,1
115.25976304263031,11.78225083841269,26.972922656312065,23.832587696364207,1
107.1935679015774,20.149804087905807,28.113086734428848,28.496828708947337,0
89.63686874219498,13.326123339467296,41.999573745763804,32.071204164784206,0
70.35429984402691,12.981757683790017,35.71543152234886,26.22723772705413,0
144.69511751885744,10.224387103253235,26.906355912650245,26.227078311860673,0
122.19953901565212,17.117995327967307,34.41310580767483,31.276812381747405,0
81.30117300776838,25.312624596215727,14.674760964724605,14.848834382640359,1
81.14763683809151,9.662335428728635,28.97927049946809,24.89342698317212,0
109.92645902129615,15.12109728336379,43.0930634973311,30.054517525205277,0
170.0706457586818,22.061102777077146,22.81954104607626,27.503990227008607,1
112.21225945909185,14.601793043771425,16.52366071380915,14.53326734005369,0
74.90571140645682,17.26185898124867,18.479111114069394,16.5550886476492,0
112.62770807742167,9.688032359265602,14.103669626576117,14.259601302886002,0
111.81829290756988,17.141535486038244,17.152380918722965,14.187787499308506,0
39.09340071175285,14.064278674977256,21.29491901409971,15.85010531750208,0
118.37115400446564,19.928649978399314,10.94432980821358,18.372979183841654,0
113.07196409373967,20.936930257823754,25.15618333949603,27.799656753864845,0
140.88619094440256,27.947818210093068,34.02277173786647,28.944377115497996,1
175.46868284836034,17.898165866067878,15.922438198530797,27.54835161828521,1
153.79695088643274,16.628981582910832,40.19283923641769,38.23010256822043,1
111.93333928335508,15.97192150788668,30.107920885275945,28.471163410131457,0
86.80422273774988,13.234168535946559,35.305805856240575,22.205056787884565,0
197.20079409749582,16.692419217308455,18.42165446147863,29.677724051844844,1
121.77655302043465,13.522992949304854,33.545252270666154,30.77098291764985,0
120.41787875738838,15.842304881348072,14.08066099604687,19.118010708301984,0
119.27624738669991,21.5879876780398,33.90247500836509,18.44647395099711,0
125.94254282303565,9.967287173601793,26.718393397935312,26.755899101138624,0
115.66918764228173,20.699392805645225,30.532512199847837,37.8958300611383,0
102.79013979359291,21.58557533669933,13.244053943751483,15.100844607450119,0
103.59423176278824,14.409657365044605,16.049301577233955,14.743688475619196,0
119.01740189352005,4.390725504957027,30.972282182533846,29.25462407917592,0
103.69725686598704,11.960890064527838,15.516519957757993,19.689876717810563,0
98.61462651968506,21.484972732805545,29.63206292099123,30.641169939546195,0
123.19290683075691,14.885659688505589,11.328621935397543,11.694260871230025,0
112.35068347737435,10.003488838525445,33.48174212666668,31.63284067394574,1
165.11978965748065,12.476125393858913,12.67476685231491,25.80147269816284,1
40.470905748209645,19.203100132522763,30.522999376795234,18.59785757851585,0
152.74520555767384,17.7336678410069,31.256309336460006,32.59611181360584,1
157.38255577492887,13.805339504151528,18.032281815704252,29.901683893336802,1
57.79829302775552,13.165877940926562,30.82026567084727,25.55153903834144,0
109.71937217758953,13.04120925478089,27.60442263333556,19.059051974058093,0
108.85677402012625,10.387949077507487,19.61158143807262,24.792259054826356,0
77.77464915846537,23.07687844734721,14.914453159237919,14.911248470302905,0
96.66549937227374,13.3883976539433,5.37374308327421,12.717791968942056,0
86.68272463602514,21.085792604127484,28.496500472996935,23.282507655109455,0
172.5681133027087,22.606580259612258,9.351972286379448,21.181582529469296,1
148.07035179442383,19.9915544907398,25.953441994413083,33.74229366218425,0
158.14665284982476,12.841898436409759,22.36551783917751,26.57883440532517,1
141.65016192129707,17.018650451683047,31.791427754381957,24.462999427404842,0
86.12844686348312,14.87902196804542,21.979545005101357,17.634967909050346,0
104.26439201160679,10.48149069634936,21.705522136529087,22.1726738534776,0
134.68123683683754,16.621796408608017,32.318707042882956,35.773551126610485,0
83.33616573324164,9.104801044200988,28.350580290841176,25.52438014348892,0
141.38995290517164,20.93839694230782,28.161559571827784,23.967098682695838,0
112.79023805525595,12.676913513508035,29.692675898085263,38.55131133796269,0
108.75537577351207,16.005798279364196,9.644278767928942,17.02155351620558,0
141.32879904610473,16.41643935773071,32.56788679986982,36.79377699454046,0
133.3278993445812,13.705475131479613,31.124687940136024,28.136561736639987,0
109.17101502542761,17.933469007376374,14.833168714235027,21.00048208318752,0
154.77989410092744,12.625481716887379,22.559195263257987,30.954929564313762,1
87.56810017200308,19.35648648728622,24.60692712372369,27.151247137833433,0
138.4780682083279,8.270101598766257,23.655032155982674,30.962164425715255,0
137.7930377390515,15.63189789773206,28.338599665685347,32.309588607112715,0
110.7136068205803,24.694644995291423,39.313667818311835,29.152760935243407,0
129.78399066726354,9.998343376972127,35.81766727672829,28.028502495310192,0
82.46659270844091,11.611275147375743,11.877808065685937,15.848600855308048,0
147.72081057620704,17.569539248294575,31.220699903060485,35.04807137085629,0
114.45293590671032,15.897908909697989,38.2893331953541,29.476356684465046,0
104.31830938442882,16.753150496367795,28.868085206892026,30.191733370460828,0
151.47027677510667,17.445935650738317,35.90980425185967,40.365013530871394,1
98.86968928371722,18.17360734280885,45.12270445700765,27.866716561508447,0
77.74616110909321,20.548499209781117,35.23709546106981,21.20856032246283,0
73.30112479428288,17.049093284642563,27.49308595641729,20.374780163110252,0
138.1802985403692,13.793711726907288,35.450884740847535,33.08153556540667,0
81.58711942511151,18.362868506013655,26.448878330968913,18.760316039160355,0
172.64382545953094,24.499409674476077,25.239030432849553,36.64491115671359,1
57.542117763488335,14.336831268087133,21.485857642862676,18.617474905372426,0
170.89369104870116,10.127353476646793,40.63413358832108,37.603671140234354,1
126.33052401607856,20.53540334643486,16.815713340579986,13.861361452555212,0
117.09860664388823,14.39809418023201,40.32367724678116,25.292620205641867,0
103.65242739573151,4.136652269929819,29.998641237403714,26.76960960968404,1
131.97408343056213,19.23710838575211,11.006938251980586,8.037899338272325,0
118.87095892725455,12.323359070230387,28.676492929914215,31.28852940590292,0
153.09905646049566,14.547333588479196,3.9997349234837607,16.519003885929845,1
123.4268294598612,16.659901652845072,31.255080168310357,44.18568787811496,0
124.50905284385632,15.952498398895331,33.852314829889906,40.916643952411135,0
109.09163363358432,18.5472590856952,19.076440443479463,19.540138238860578,0
118.29163128836798,12.822568147150783,26.23547695955582,24.415216595958135,0
129.2340530667618,17.565528990880413,44.541574337502865,40.17210004543776,0
68.69494822030123,13.702266612080415,19.942532957380635,25.35662435031063,0
79.55443733682861,18.694052404437514,14.410924129433996,6.970760511219776,0
142.29792282068144,18.076837420065267,39.816634024625984,25.206231967607703,0
125.12596314383825,10.322806489777022,44.625871905307946,31.71535823926589,0
114.48049990941962,20.42991058087516,25.036956718478475,26.880216266050525,0
120.5530179919618,12.32018277442976,35.11463035408356,32.096984928775946,0
130.42745116085013,19.040288991405724,38.414759155308815,37.59898196865867,0
103.80720959071915,16.836436567006704,17.575157674616158,13.169812154553453,0
96.65085823793062,24.190918383975614,20.146941646321316,8.157837332109338,1
125.87535765293045,13.882670088140738,37.30874513154735,35.531979307577444,0
90.64881667154904,13.253416019409013,41.85014278708509,25.848971695871278,0
132.24758267143415,14.902901970561336,30.628808601743547,18.446723246071997,0
68.92249187286478,13.484101085828623,16.201856464979457,15.718496149573117,0
150.8746691197693,18.99970950971025,44.87061111699441,41.488650911567525,1
134.17792447239128,6.918446957817061,19.690291021880356,22.65265229757292,0
127.68089202941627,9.73158790426823,21.648622188285483,21.30315836617192,0
149.48072951836542,9.660985392104035,28.423378344896214,28.362950963555118,0
169.9642333338773,19.75153795986788,40.54160420714774,35.41431162495769,1
150.4311019505439,23.553066862909624,33.539759765522234,25.07275451811467,1
64.77377306005064,14.477753907312643,29.148655003619105,17.478301422862458,1
81.61269099792895,14.155891384049946,29.632885301181062,25.5841112754525,0
101.25544266912964,15.350260815565907,25.43514668643466,24.451510317012794,0
120.782731506325,20.809391513040953,30.581395145185063,28.209269753059132,0
135.5297706140737,10.36323432904713,-0.29560077694302933,8.42943426366896,0
98.22768560539603,16.191844913673926,22.033925409302014,19.932215454512274,1
125.60300293431234,19.87598814891215,27.41321934916781,15.381584735800866,0
97.33851202940032,17.505470849699226,13.48985916380493,17.371164104269447,0
101.65446591024156,15.947908082993717,28.8632331781156,31.741351719149794,0
77.80016709455333,20.005230462835705,22.955287790138783,11.886999944314196,0
92.30300261667287,1.4838385350038141,42.5547569831549,27.578040386655964,0
79.44946183150999,18.38937659765454,40.730197252148564,29.95557870277593,0
90.72380241068002,11.729621584362881,20.34194430881837,25.507565567614606,0
151.60925389823518,5.846835515717716,23.491622884333047,24.665613750489292,1
91.51803333504171,17.556012997624904,24.260524343916074,17.820813859132727,0
198.97146194512172,21.86829272581479,20.483405238403773,20.294233101633644,1
134.79953702642666,14.312757426861541,26.950249840281266,27.47226926932383,0
125.54508371084621,19.764372736014693,17.417179311124098,31.47347822736539,0
94.2492665945636,23.061391289943227,13.693846650624737,17.658642294592106,1
141.00929638226975,21.57457226792024,31.227112239002686,29.603090861809754,0
102.73086521286677,23.199822646856965,31.29529584221811,27.531145996230663,0
123.66029443936084,18.71063745535946,16.956842403400074,20.788990625893113,0
196.80253614806384,15.377168194507965,33.95355430762599,32.591958907318734,1
117.11820300826051,6.990170940514158,18.684222708346688,25.170331233387923,0
154.47819978857027,13.769687559350256,27.53165238037981,30.342453784605702,1
98.90470724622338,10.783767023419042,33.20344012612456,26.58025704735291,0
118.95034528509115,25.85471358748907,24.66387435296287,19.3501415685993,1
173.1240190690653,14.120570937838316,29.547409121411345,38.603646127286,1
101.19098826636699,15.616024033922429,19.835703561124284,23.360464333864392,1
174.37345673990785,17.75742688020234,23.03533416571903,26.19040857001379,1
141.23255806366427,15.218012231862268,22.941405691196596,30.603082920374412,0
103.12599672317197,23.475255202153765,17.53421653459761,16.591853747689967,0
138.97223217166564,11.88675319132774,23.232258368842178,21.603334939032468,0
149.17663348880188,15.973037276186213,9.513817011362534,15.87605626716002,0
138.6542988665159,11.28764707150976,20.08846252857895,15.05431838550061,1
72.89325840328631,8.399887443896471,22.151245066303293,20.722660275571307,0
98.18588472525394,11.941154545473573,22.4382024750462,11.881965318356745,1
112.57444093345485,14.81481601475794,22.58502554129221,16.40773770766278,0
117.76699712699862,12.8534888774137,24.38235800139871,13.589938668006551,1
138.62016292652035,11.53789510063072,29.79441518086064,28.32887541912789,0
125.33103002799761,7.968412681640831,33.745170741325225,28.654086072103016,0
79.93966923869696,14.584472136856526,18.50234773151733,15.61165972369654,0
131.4059355301789,7.476398129844989,12.967991446108556,14.411700802719288,0
138.3175723585147,18.80027981844801,14.579555877568971,15.260366407452755,0
136.7937134379312,15.412198764672516,20.127970788050728,26.065206055551357,0
152.42342176663865,7.712242502675347,21.480786821834908,23.229975929038883,1
145.01766463646712,13.453954614750682,17.300039338025428,24.733577740340152,0
133.7754023768531,11.239217972047085,12.038833357501055,14.970713485814723,0
117.89502865624058,16.5958725520959,20.438791725258117,22.91421244210853,0
70.17117199452025,21.70225223011572,26.814266201139713,26.9406404866022,0
132.88854657397758,5.624137651771278,30.950294658355645,31.6948309885395,0
126.23063061489333,15.575130395737085,19.425769468916787,20.273878704865325,0
128.1473651158612,14.199336022166799,20.870021778565658,24.535742252648586,0
81.69754272539072,18.356700382252328,15.733016911526892,14.832936855651452,0
87.56830378775213,16.065983141188447,24.685608296252237,21.139035450374973,0
151.5945855999871,11.240153341305906,16.515713658091855,21.78926012830212,1
118.81334538430035,13.404730321666909,30.731278132412,26.42529757520908,1
140.44502092117872,11.019870715982556,7.141335080658887,18.675636397818195,0
120.84955128391384,20.38003569299299,21.403703275475376,17.82001326821932,0
120.89268418487235,15.10655824335971,28.01107339191742,21.015410979496053,0
148.14851417927994,24.50595342876504,26.838345163225043,21.291311230384462,0
104.51865815347878,14.696695930926897,51.93033663980496,28.41567861273181,0
122.8836233082295,11.457966165447687,28.498000245679076,20.450948992560093,0
106.13174133884873,7.4314280369358645,14.959454031579897,18.890213683695467,0
106.96511317703053,5.984301618720275,24.04535752910927,18.25525250479827,0
110.72483629594082,7.079320284972551,7.237536665335483,17.259324283417307,0
126.66401314901138,16.335633255057417,24.19400250703239,24.93697131218014,0
105.63754135009569,17.54362511614967,16.669439429992416,9.055952782815508,0
157.67268376720563,7.094046489839333,34.15390275560162,36.119097675629824,1
93.16178093341489,19.475191570380577,19.50459725404465,23.12246994832236,0
114.39385067515923,12.584694741582803,23.832340842047532,18.386242114365423,0
106.80806825177476,15.733965059927748,18.644421585955968,22.10397533263042,1
163.409336530612,23.061103141277123,42.388513518533316,33.25269922528186,1
125.89664329534725,19.48419657932766,21.787572338820883,23.971802382686846,0
150.95533618405904,13.657346760470839,43.32557043479201,30.435826801027083,1
75.43318880889083,10.544038872923563,33.141517621182665,15.148545428807532,0
128.01150797607778,4.240922993353475,29.820667273353862,25.79739848621987,0
146.6889238687031,11.404233403787899,28.6873314731752,28.393913392083732,1
122.46851967826272,13.944348805861528,28.937972982162513,24.72743999083451,1
151.96441125196054,10.06410236424408,5.723274206543898,12.137925437355207,1
104.48134649698883,14.343715164538477,22.211166058492434,19.554222368289416,0
162.2804232055674,15.38425941479384,33.451579711843216,34.300305939382014,1
188.9669437085775,13.875720090959607,24.511028165258946,30.92774330287454,1
109.11484318681023,11.749987095882702,10.94810153196425,17.298040237659215,0
106.63492435797684,15.843273359833638,24.475955494225307,19.550894180639176,0
163.60153431353103,17.209703247847045,42.04105516255491,43.23927058621136,1
167.38716437192136,9.54800461278577,37.46891715534719,29.59230833209183,1
104.31419918540195,22.05466189873135,24.379959906339682,25.05920135714363,0
107.39439548712429,14.507059338578692,34.514492770580866,33.906141398802674,0
111.54646173418479,15.094248114724238,21.334929796319482,24.226651535322695,1
79.66648466897169,18.541072116282784,7.9612841317328105,10.934669397439425,0
92.44044160547405,16.166080656317508,15.755340118704456,14.480228986584738,0
89.87577699743797,19.765683169566223,40.62888768508198,34.482459797516064,0
96.96607304687615,16.43562082600912,22.260069181706957,13.711767269232729,0
118.95945337839656,11.93781312679781,22.56616020624982,18.328404139066347,0
127.02644197609563,16.80751762603051,22.001618037251195,21.715664388776553,0
166.5150147844223,9.281368963396691,44.04136589573007,44.86045321386726,1
90.04937877783627,15.542798528882615,41.25958915362063,31.533570634798423,1
149.5296719542975,14.833850046777696,47.18780233448134,33.706639570119194,1
113.58033467323473,13.959415713637302,23.409547895999488,21.511268888398696,0
118.51608871042701,14.357312442805346,27.95624488747095,22.758115594296704,0
140.2445847649981,5.590754772511804,9.83357450579209,15.39230076822818,0
86.31833935313105,12.256375461295193,39.769344261182745,33.41095385868837,0
131.4722923855215,15.464224505705573,13.32220448732065,12.94961583589495,0
124.99356624639168,15.799281959987002,27.167755637626293,34.12713872212419,0
134.77353792024448,9.86162429537021,14.02697472367156,24.631989604783342,1
128.67505931723454,21.328539204323505,19.11133173261304,27.877480151048466,0
193.65900419732682,10.669125758927496,16.627375689502998,25.36489070435789,1
100.86780047246052,19.847286002633684,18.92124739324182,18.797700148471414,0
104.07009134994547,17.135971809358423,19.608772968510216,13.045636546626096,0
101.30578420725706,11.768863450780984,19.51731205074923,17.265922410766308,0
103.33568642519236,23.87655446304756,33.33333911780307,29.468512439636527,0
100.87838618080447,9.0318158412176,13.951372069374798,23.543839961674827,0
155.67049593322656,19.595770868050007,27.205414270138668,23.63397264437973,1
162.61512743969564,20.002911590214893,37.179591523055585,33.023778820571025,1
102.87761118751571,11.646898954616775,19.86803635486604,19.465283195021982,0
95.02933280687314,21.962326500321645,17.820811092523982,11.434392815986879,0
134.14246669159212,13.749767427005237,22.694753748197492,27.71836975204996,0
103.43330867157087,16.443468146399287,36.797252083607106,25.122005250247597,0
138.98795453266533,16.301609193856102,26.941076309533578,26.392381852148205,0
126.087690625539,14.32845629264726,19.687857053924013,20.192950729956518,0
74.52767655008304,19.05404136579891,29.838766511880397,18.425458382350133,0
166.42515603990185,18.967443602761065,13.977078501635766,23.595829927405298,1
173.87633019286565,6.257340133809096,31.81359510442948,32.21638267866119,1
101.61633928546841,21.521701214390763,29.086073077017677,22.84538105566235,0
108.36895320192048,6.687540059821629,21.92191528861116,18.155544856095915,0
128.57596172174715,20.162731021708286,16.61414201552769,22.76229053385334,1
130.03370369961075,20.633525684137915,16.133190777165428,29.338052101005214,0
139.7563281801849,9.54516784892401,30.348173363459104,29.84915566394368,0
180.3061361629905,12.945928560227076,37.28980502489062,41.6561072033,1
114.69158317517852,9.47147665757032,18.626922529712054,13.831509956606567,1
96.05108266384639,13.925394848556323,29.583867035514842,25.185848980610906,0
78.62042315956418,13.459828579071294,4.1297298139793135,4.440065628090743,0
98.07209880174243,18.898302661346698,19.153822693428005,11.999496589228738,0
119.00619081378609,21.55154373059804,24.68941067129098,20.54846737972892,1
173.83673590553363,21.97841905394978,15.903165830181663,31.29475317771206,1
104.47166102891485,12.18915986710849,15.63493625210404,23.014713372291734,1
126.71363854916696,13.95389063127736,18.322204435311136,23.047489682844265,0
119.50731311781743,6.582809038895249,27.92192728326373,18.248192153963956,0
155.65179820344252,10.970649667519055,23.126709815936252,26.147131471372695,1
195.80797277620866,19.824258165487286,2.617687666750278,22.398141155504685,1
104.07393681239039,23.07791411774116,3.7929984736493374,13.181574065956697,0
105.31681672445333,8.82825564060039,18.931348221428244,10.778387865755727,1
151.32482631207216,12.037678704235528,29.57686586053552,25.46932632137562,1
140.45674468878934,14.867971215205365,-2.4750484272523465,12.48776143450918,1
175.401219772081,16.400805794098034,20.002698238483696,30.222925644035897,1
137.51784555977892,10.95198240039177,19.737521434825787,12.639906167891054,0
109.22123727638821,17.120305222320447,38.88337778208448,29.55319274128177,0
137.71964492076927,12.630803264645419,21.149781882871363,25.06209928290737,0
153.26110741748724,14.927738645608605,28.829889847409284,33.98911560803443,1
144.61446543592092,17.7314212400185,26.412571400874633,31.13202016521659,0
135.21822093321893,15.03211134905469,3.694335201927995,18.281846288329916,0
152.00024068767462,12.818070547367157,32.682072166317376,27.541357618416477,1
155.0788677133702,14.451950980370846,27.153965054562878,19.54485861300192,1
161.4647697311258,14.558185203973323,30.082686396745896,29.222556386178525,1
139.46129662768928,13.149944850589362,64.26237706436326,51.08547732099336,0
114.98645759049437,13.706019686664488,4.1588706050141155,20.545353699178655,0
124.40141059299968,22.993235852523583,42.24696649761108,37.11636981959444,0
156.1952689952507,17.804597239706194,22.125524805996445,28.828993416531965,1
95.49192987038292,13.522598409854199,27.873289044030095,25.384035750983166,1
131.06019926618703,18.484772022553678,24.54487754698758,22.59786496630859,0
108.19983563017918,13.33090255121995,20.757636666019565,20.5485004282596,0
120.86234468804453,20.865623187933206,19.301670717612414,30.08241745674232,0
158.35355587821897,16.84821096099047,28.29508735573009,25.27010923672756,1
125.7329720405971,14.463489279978855,9.828263033283209,25.561322674250576,1
121.39309644468446,17.238584629051388,32.50579167521766,26.782064709616982,0
79.20431577060242,7.145619239657504,20.83805595114746,24.966620098109367,0
142.38760698081663,9.366162655450974,13.699306609596423,14.054338955392183,0
139.36452543423226,9.030374968004722,20.499871420041863,27.115909259267404,0
184.8976416991638,15.714715473818533,37.571492168625724,33.59165957449113,1
110.76665295140998,23.66257499742546,19.64664912983777,13.823653900438945,0
126.57450982991817,26.15650073096316,28.5845361820962,28.042389286094647,1
127.48151051132265,18.190255507203787,17.690437242845267,26.64072861553474,0
167.32359839290422,17.504222374722286,32.5792184992362,28.797261895941038,1
117.14113402839143,5.994711329236305,31.855077387902043,20.14657229449816,1
128.37064577311017,12.28663100132989,43.486088332964115,34.1208849221183,0
138.23689529149618,11.061081240458805,23.244360545007844,25.008693157767635,0
125.59827369469075,11.89576200874442,31.686548047579066,31.1446995310311,0
106.60699156348416,14.159280907076052,25.980675395389447,28.399009710865577,0
125.82269978694923,12.639547111514364,37.95871781863014,31.264552981647526,0
152.20895249579317,5.103500948121061,17.811676123912697,33.404249885506985,1
89.20454101766819,18.73955128058767,32.45005312877281,26.266654388829686,0
123.98909022440628,9.636284871300967,23.053027038833182,22.19329001182272,0
98.9963755518248,16.196234320555746,24.35811822891502,14.02085987412585,0
155.85139886774527,25.370413348749867,25.91752484448373,27.230604707435553,1
74.30439285648676,10.403077042067883,27.522403964266772,19.50970654072638,0
103.23234458185235,2.348562386268352,23.83770956878042,27.043613223982796,0
131.31635625193562,13.569978890599446,27.147131831705263,29.017619661380465,0
166.9657208770302,20.504798174992857,40.781180575621846,31.190316767350858,1
118.02749216781037,24.791737271102967,34.85449685615218,30.091269576912318,1
103.34401419920405,8.852252027737915,33.69154592496896,30.537830241050152,0
176.4347120832177,17.483496116182607,20.444604739761292,35.50593037514158,1
76.55958298751267,12.673447716099734,16.10759171771676,20.147273994679942,0
54.03582130139755,14.470258228479322,34.55300558237753,26.484318192885908,0
133.20043350159997,28.221716735085174,33.760467925297945,30.50070728588479,1
104.93837326942166,7.485148358024234,39.72670675750982,32.29875073281433,0
89.36301548607861,16.268698307472867,18.960193740307705,24.663922922292507,0
141.2506934189806,17.338465858827167,22.70451344639653,18.813439077698078,0
127.31402141313596,20.428931624696737,8.60515837474566,15.286784692601646,0
103.07764107789815,15.489915767354477,21.07528893939127,16.982564833704245,0
81.59086803987316,16.54025269752051,34.96570510579447,27.53770495051517,0
146.17371984840435,13.041757162891045,20.335046207718023,30.936005966953385,0
139.50603533875983,16.345634706225535,31.404797952008238,26.668131076274733,0
117.02472408661852,13.284038622512949,23.094968940021886,11.298435041325606,0
175.39910988142998,18.107859449280255,28.240570282215607,29.599092404128452,1
87.89745701021542,13.15194831978183,13.523086101843326,20.118657412030238,0
74.23424487225783,16.885501969510933,25.85209449633901,23.03762125014469,0
99.24275790356266,14.853685931575109,-4.9113597090072325,9.609527174905532,0
118.63241950933507,20.63025125386084,23.13103841838015,22.02879465075118,0
127.30018347968075,14.743031382057568,8.6952675628486,10.682498448293444,0
112.7629182643101,6.134837658965592,37.059945165468164,32.38273601728743,0
130.5616618954289,21.309607503569957,32.774073527645115,25.271793903192325,0
82.45381727428668,10.471338495686904,29.66670981966081,33.999220304161355,0
163.31293812219778,11.731168306755901,40.2100622715938,39.28886098978926,1
117.53546464822294,12.021693529782539,15.510834791751627,16.605722347928353,1
153.51887494764384,21.872190465854086,42.473631979155584,33.531777247399035,1
130.28176039133112,4.321628930106522,34.32191564260385,29.724412827367097,0
133.70259657461352,30.68874266829997,22.63444712781054,23.489973611257874,1
137.0930184069661,20.28028404533026,36.35620147182944,37.4715714542611,0
133.43125680051946,16.1161945706458,13.937064875883658,21.24373896671401,0
139.2816827960263,14.725529996918569,16.754858384723263,18.64743877742162,0
159.87457590397293,16.427770374288286,18.914102767602998,34.8967123999777,1
125.8956350910441,17.605612141896692,19.710222919359847,22.691216626385447,0
141.27011272765537,18.226077929750286,14.434423572397472,25.18842143880876,0
117.3079291713832,17.778022330017244,37.23083067095325,27.30507571539115,0
163.2035164634842,15.447903406276245,22.411455996301683,29.34165778322188,1
99.7082309382219,14.013307898463369,28.525049683568795,25.788897891322563,0
174.02821298732448,14.24363358173244,19.296486335863193,17.60281800618328,1
118.7952614806697,14.025458598236595,6.793966994514829,25.352885197627586,0
77.07674693645856,20.668850484335323,27.70057358391422,28.011183790215703,0
123.84313244732368,17.967783611404307,5.87745024580223,13.337061786903545,0
99.56845027575358,0.29805682667859834,24.313659539145313,16.602326094868737,0
145.21930646966172,18.279503882648804,11.316849611671895,21.918163521819878,0
100.42128062092827,15.973680973593874,44.872759992308076,32.91199655531885,0
106.61449700355661,14.906456217770513,34.113627221747215,29.496608054045417,0
63.31377807163407,13.057407734555571,26.057537912714803,20.318033744491256,0
106.4308104225277,20.620563599930065,37.63706677654669,31.992819377055746,0
47.2836202011313,19.737632310614288,16.536840225342644,20.233310629743485,0
72.4829152954283,11.135611660881954,30.43479378670093,25.306204448536523,0
142.81243968432892,17.035261435622676,26.998104337187137,22.532018642476757,0
143.57400475952497,10.141716327293569,27.6402008133367,34.99031514618311,0
132.76372685354895,8.101909176055347,37.723535001067674,40.34121300333017,0
90.99071570612361,11.866413877050174,32.32492102779802,41.02181575707179,0
118.5686593157406,19.311967361913794,27.887236628250232,20.183014079501188,0
119.89192382728295,19.765625226880434,8.451125637717038,17.429165267338192,0
85.24905932422371,17.565427100486467,15.399537047205364,5.814180940080117,0
165.10194905301452,18.625478934239986,23.772910664042758,31.16239601921888,1
146.32086871727014,17.58089143557479,25.933723742766514,24.85794725227641,0
113.37107478511008,11.792592023885238,13.69796275326076,27.803317829266156,0
120.80657516983592,17.159612723369705,49.11676675578421,32.765966044782786,0
126.25148423842657,19.002047626138413,40.16394055253573,24.261203510274214,0
58.747953947271284,18.771456649067872,31.021183203924835,19.029068293176948,0
112.5846785243821,20.944566857373214,25.720368612837447,14.241213302771246,1
99.54047256006604,18.541519236005318,22.877910300988482,25.148499679037393,0
89.95139970315253,16.757241037707914,15.480815399777644,6.4101324389224725,0
111.56699121342135,20.350751191582138,25.774805185188626,24.186389619852243,0
173.93059580548567,14.867393703754699,27.577525401427508,20.792763181981336,1
139.22528583801028,10.59062674386141,12.582394245183757,18.612236683709696,1
102.86463030651609,14.184665180281181,28.341764172448976,32.67423589589877,0
137.17748344068477,11.275486775967755,23.44740951175251,27.244692557123706,0
